1;4;724;SARAH;Gute Nacht.;;"INSERT INTO `play_textbooks` (`id`, `play_id`, `scene_id`, `linenumber`, `said_by`, `text`, `following_stage_direction`, `created_at`, `updated_at`, `deleted_at`) VALUES (NULL, '1', '4', '724', 'SARAH', 'Gute Nacht.',null, CURRENT_TIMESTAMP, CURRENT_TIMESTAMP, NULL);"
1;4;725;BOB;Gute Nacht. Fahrt vorsichtig.;;"INSERT INTO `play_textbooks` (`id`, `play_id`, `scene_id`, `linenumber`, `said_by`, `text`, `following_stage_direction`, `created_at`, `updated_at`, `deleted_at`) VALUES (NULL, '1', '4', '725', 'BOB', 'Gute Nacht. Fahrt vorsichtig.',null, CURRENT_TIMESTAMP, CURRENT_TIMESTAMP, NULL);"
1;4;726;SARAH;Gute Nacht. (schließt die Tür.);(Sarah und Bob brechen zusammen und sitzen auf der Couch);"INSERT INTO `play_textbooks` (`id`, `play_id`, `scene_id`, `linenumber`, `said_by`, `text`, `following_stage_direction`, `created_at`, `updated_at`, `deleted_at`) VALUES (NULL, '1', '4', '726', 'SARAH', 'Gute Nacht. (schließt die Tür.)','(Sarah und Bob brechen zusammen und sitzen auf der Couch)', CURRENT_TIMESTAMP, CURRENT_TIMESTAMP, NULL);"
1;4;727;BOB;Gibt’s hier irgendwas zu trinken? Außer Rotwein?;;"INSERT INTO `play_textbooks` (`id`, `play_id`, `scene_id`, `linenumber`, `said_by`, `text`, `following_stage_direction`, `created_at`, `updated_at`, `deleted_at`) VALUES (NULL, '1', '4', '727', 'BOB', 'Gibt’s hier irgendwas zu trinken? Außer Rotwein?',null, CURRENT_TIMESTAMP, CURRENT_TIMESTAMP, NULL);"
1;4;728;SARAH;Wodka?;;"INSERT INTO `play_textbooks` (`id`, `play_id`, `scene_id`, `linenumber`, `said_by`, `text`, `following_stage_direction`, `created_at`, `updated_at`, `deleted_at`) VALUES (NULL, '1', '4', '728', 'SARAH', 'Wodka?',null, CURRENT_TIMESTAMP, CURRENT_TIMESTAMP, NULL);"
1;4;729;BOB;Ideal.;;"INSERT INTO `play_textbooks` (`id`, `play_id`, `scene_id`, `linenumber`, `said_by`, `text`, `following_stage_direction`, `created_at`, `updated_at`, `deleted_at`) VALUES (NULL, '1', '4', '729', 'BOB', 'Ideal.',null, CURRENT_TIMESTAMP, CURRENT_TIMESTAMP, NULL);"
1;4;730;SARAH;Pur oder auf Eis?;;"INSERT INTO `play_textbooks` (`id`, `play_id`, `scene_id`, `linenumber`, `said_by`, `text`, `following_stage_direction`, `created_at`, `updated_at`, `deleted_at`) VALUES (NULL, '1', '4', '730', 'SARAH', 'Pur oder auf Eis?',null, CURRENT_TIMESTAMP, CURRENT_TIMESTAMP, NULL);"
1;4;731;BOB;Flasche und Strohhalm bitte.;;"INSERT INTO `play_textbooks` (`id`, `play_id`, `scene_id`, `linenumber`, `said_by`, `text`, `following_stage_direction`, `created_at`, `updated_at`, `deleted_at`) VALUES (NULL, '1', '4', '731', 'BOB', 'Flasche und Strohhalm bitte.',null, CURRENT_TIMESTAMP, CURRENT_TIMESTAMP, NULL);"
1;4;732;SARAH;Wunderbar. (Sie will aufstehen und hat Probleme dabei);;"INSERT INTO `play_textbooks` (`id`, `play_id`, `scene_id`, `linenumber`, `said_by`, `text`, `following_stage_direction`, `created_at`, `updated_at`, `deleted_at`) VALUES (NULL, '1', '4', '732', 'SARAH', 'Wunderbar. (Sie will aufstehen und hat Probleme dabei)',null, CURRENT_TIMESTAMP, CURRENT_TIMESTAMP, NULL);"
1;4;733;BOB;Warten Sie. Ich serviere. Ich hab‘ mal mein Geld damit verdient.;;"INSERT INTO `play_textbooks` (`id`, `play_id`, `scene_id`, `linenumber`, `said_by`, `text`, `following_stage_direction`, `created_at`, `updated_at`, `deleted_at`) VALUES (NULL, '1', '4', '733', 'BOB', 'Warten Sie. Ich serviere. Ich hab‘ mal mein Geld damit verdient.',null, CURRENT_TIMESTAMP, CURRENT_TIMESTAMP, NULL);"
1;4;734;SARAH;Wodka im Tiefkühlfach. Gläser überm‘ Spülbecken.;;"INSERT INTO `play_textbooks` (`id`, `play_id`, `scene_id`, `linenumber`, `said_by`, `text`, `following_stage_direction`, `created_at`, `updated_at`, `deleted_at`) VALUES (NULL, '1', '4', '734', 'SARAH', 'Wodka im Tiefkühlfach. Gläser überm‘ Spülbecken.',null, CURRENT_TIMESTAMP, CURRENT_TIMESTAMP, NULL);"
1;4;735;BOB;(geht in die Küche) Sie auch?;;"INSERT INTO `play_textbooks` (`id`, `play_id`, `scene_id`, `linenumber`, `said_by`, `text`, `following_stage_direction`, `created_at`, `updated_at`, `deleted_at`) VALUES (NULL, '1', '4', '735', 'BOB', '(geht in die Küche) Sie auch?',null, CURRENT_TIMESTAMP, CURRENT_TIMESTAMP, NULL);"
1;4;736;SARAH;Bitte. Danke.;;"INSERT INTO `play_textbooks` (`id`, `play_id`, `scene_id`, `linenumber`, `said_by`, `text`, `following_stage_direction`, `created_at`, `updated_at`, `deleted_at`) VALUES (NULL, '1', '4', '736', 'SARAH', 'Bitte. Danke.',null, CURRENT_TIMESTAMP, CURRENT_TIMESTAMP, NULL);"
1;4;737;BOB;(off) Entspannen Sie sich.;;"INSERT INTO `play_textbooks` (`id`, `play_id`, `scene_id`, `linenumber`, `said_by`, `text`, `following_stage_direction`, `created_at`, `updated_at`, `deleted_at`) VALUES (NULL, '1', '4', '737', 'BOB', '(off) Entspannen Sie sich.',null, CURRENT_TIMESTAMP, CURRENT_TIMESTAMP, NULL);"
1;4;738;SARAH;Entspannen! Haben Sie eine Ahnung!;;"INSERT INTO `play_textbooks` (`id`, `play_id`, `scene_id`, `linenumber`, `said_by`, `text`, `following_stage_direction`, `created_at`, `updated_at`, `deleted_at`) VALUES (NULL, '1', '4', '738', 'SARAH', 'Entspannen! Haben Sie eine Ahnung!',null, CURRENT_TIMESTAMP, CURRENT_TIMESTAMP, NULL);"
1;4;739;BOB;Ziemlich im Stress zur Zeit was?;;"INSERT INTO `play_textbooks` (`id`, `play_id`, `scene_id`, `linenumber`, `said_by`, `text`, `following_stage_direction`, `created_at`, `updated_at`, `deleted_at`) VALUES (NULL, '1', '4', '739', 'BOB', 'Ziemlich im Stress zur Zeit was?',null, CURRENT_TIMESTAMP, CURRENT_TIMESTAMP, NULL);"
1;4;740;SARAH;Nö, ich war immer verkrampft und steif. In der Schule, beim Schwimmunterricht, da war ich sehr beliebt: als Sprungbrett.;;"INSERT INTO `play_textbooks` (`id`, `play_id`, `scene_id`, `linenumber`, `said_by`, `text`, `following_stage_direction`, `created_at`, `updated_at`, `deleted_at`) VALUES (NULL, '1', '4', '740', 'SARAH', 'Nö, ich war immer verkrampft und steif. In der Schule, beim Schwimmunterricht, da war ich sehr beliebt: als Sprungbrett.',null, CURRENT_TIMESTAMP, CURRENT_TIMESTAMP, NULL);"
1;4;741;BOB;(kommt und gibt ihr den Drink) Sie sind komisch. Da.;;"INSERT INTO `play_textbooks` (`id`, `play_id`, `scene_id`, `linenumber`, `said_by`, `text`, `following_stage_direction`, `created_at`, `updated_at`, `deleted_at`) VALUES (NULL, '1', '4', '741', 'BOB', '(kommt und gibt ihr den Drink) Sie sind komisch. Da.',null, CURRENT_TIMESTAMP, CURRENT_TIMESTAMP, NULL);"
1;4;742;SARAH;Gott segne Sie.;;"INSERT INTO `play_textbooks` (`id`, `play_id`, `scene_id`, `linenumber`, `said_by`, `text`, `following_stage_direction`, `created_at`, `updated_at`, `deleted_at`) VALUES (NULL, '1', '4', '742', 'SARAH', 'Gott segne Sie.',null, CURRENT_TIMESTAMP, CURRENT_TIMESTAMP, NULL);"
1;4;743;BOB;Gibt’s einen Segensspruch für Wodka?;;"INSERT INTO `play_textbooks` (`id`, `play_id`, `scene_id`, `linenumber`, `said_by`, `text`, `following_stage_direction`, `created_at`, `updated_at`, `deleted_at`) VALUES (NULL, '1', '4', '743', 'BOB', 'Gibt’s einen Segensspruch für Wodka?',null, CURRENT_TIMESTAMP, CURRENT_TIMESTAMP, NULL);"
1;4;744;SARAH;Wenn Sie keinen wissen - … Cheers.;;"INSERT INTO `play_textbooks` (`id`, `play_id`, `scene_id`, `linenumber`, `said_by`, `text`, `following_stage_direction`, `created_at`, `updated_at`, `deleted_at`) VALUES (NULL, '1', '4', '744', 'SARAH', 'Wenn Sie keinen wissen - … Cheers.',null, CURRENT_TIMESTAMP, CURRENT_TIMESTAMP, NULL);"
1;4;745;BOB;L’chajim. (sie trinken);;"INSERT INTO `play_textbooks` (`id`, `play_id`, `scene_id`, `linenumber`, `said_by`, `text`, `following_stage_direction`, `created_at`, `updated_at`, `deleted_at`) VALUES (NULL, '1', '4', '745', 'BOB', 'L’chajim. (sie trinken)',null, CURRENT_TIMESTAMP, CURRENT_TIMESTAMP, NULL);"
1;4;746;SARAH;Das mit dem Piepser war ein toller Trick.;;"INSERT INTO `play_textbooks` (`id`, `play_id`, `scene_id`, `linenumber`, `said_by`, `text`, `following_stage_direction`, `created_at`, `updated_at`, `deleted_at`) VALUES (NULL, '1', '4', '746', 'SARAH', 'Das mit dem Piepser war ein toller Trick.',null, CURRENT_TIMESTAMP, CURRENT_TIMESTAMP, NULL);"
1;4;747;BOB;Wegen Joel. Ich hab‘ mir das Ding von einem Freund ausgeliehen, der Kundendienst für Geschirrspüler macht. Ich hab‘ ihn gebeten, mich anzupiepsen. Ich wollte eine Möglichkeit haben, abzuhauen.;;"INSERT INTO `play_textbooks` (`id`, `play_id`, `scene_id`, `linenumber`, `said_by`, `text`, `following_stage_direction`, `created_at`, `updated_at`, `deleted_at`) VALUES (NULL, '1', '4', '747', 'BOB', 'Wegen Joel. Ich hab‘ mir das Ding von einem Freund ausgeliehen, der Kundendienst für Geschirrspüler macht. Ich hab‘ ihn gebeten, mich anzupiepsen. Ich wollte eine Möglichkeit haben, abzuhauen.',null, CURRENT_TIMESTAMP, CURRENT_TIMESTAMP, NULL);"
1;4;748;SARAH;Danke, dass Sie nicht abgehauen sind.;;"INSERT INTO `play_textbooks` (`id`, `play_id`, `scene_id`, `linenumber`, `said_by`, `text`, `following_stage_direction`, `created_at`, `updated_at`, `deleted_at`) VALUES (NULL, '1', '4', '748', 'SARAH', 'Danke, dass Sie nicht abgehauen sind.',null, CURRENT_TIMESTAMP, CURRENT_TIMESTAMP, NULL);"
1;4;749;BOB;Ich bin froh, dass ich geblieben bin.;;"INSERT INTO `play_textbooks` (`id`, `play_id`, `scene_id`, `linenumber`, `said_by`, `text`, `following_stage_direction`, `created_at`, `updated_at`, `deleted_at`) VALUES (NULL, '1', '4', '749', 'BOB', 'Ich bin froh, dass ich geblieben bin.',null, CURRENT_TIMESTAMP, CURRENT_TIMESTAMP, NULL);"
1;4;750;SARAH;Ich bin auch froh.;;"INSERT INTO `play_textbooks` (`id`, `play_id`, `scene_id`, `linenumber`, `said_by`, `text`, `following_stage_direction`, `created_at`, `updated_at`, `deleted_at`) VALUES (NULL, '1', '4', '750', 'SARAH', 'Ich bin auch froh.',null, CURRENT_TIMESTAMP, CURRENT_TIMESTAMP, NULL);"
1;4;751;BOB;Zum Schreien, wie Ihr Vater durch die Haggada gerast ist.;;"INSERT INTO `play_textbooks` (`id`, `play_id`, `scene_id`, `linenumber`, `said_by`, `text`, `following_stage_direction`, `created_at`, `updated_at`, `deleted_at`) VALUES (NULL, '1', '4', '751', 'BOB', 'Zum Schreien, wie Ihr Vater durch die Haggada gerast ist.',null, CURRENT_TIMESTAMP, CURRENT_TIMESTAMP, NULL);"
1;4;752;SARAH;Ich hab’s Ihnen ja gesagt. Mein Vater ist ein toller Mann. (sie lässt den Kopf sinken) Ich bin völlig erledigt.;;"INSERT INTO `play_textbooks` (`id`, `play_id`, `scene_id`, `linenumber`, `said_by`, `text`, `following_stage_direction`, `created_at`, `updated_at`, `deleted_at`) VALUES (NULL, '1', '4', '752', 'SARAH', 'Ich hab’s Ihnen ja gesagt. Mein Vater ist ein toller Mann. (sie lässt den Kopf sinken) Ich bin völlig erledigt.',null, CURRENT_TIMESTAMP, CURRENT_TIMESTAMP, NULL);"
1;4;753;BOB;Typisches Nackensyndrom. Sie könnten eine Massage gebrauchen.;;"INSERT INTO `play_textbooks` (`id`, `play_id`, `scene_id`, `linenumber`, `said_by`, `text`, `following_stage_direction`, `created_at`, `updated_at`, `deleted_at`) VALUES (NULL, '1', '4', '753', 'BOB', 'Typisches Nackensyndrom. Sie könnten eine Massage gebrauchen.',null, CURRENT_TIMESTAMP, CURRENT_TIMESTAMP, NULL);"
1;4;754;SARAH;Vorsicht. Sie werden blaue Flecken an den Fingern kriegen.;;"INSERT INTO `play_textbooks` (`id`, `play_id`, `scene_id`, `linenumber`, `said_by`, `text`, `following_stage_direction`, `created_at`, `updated_at`, `deleted_at`) VALUES (NULL, '1', '4', '754', 'SARAH', 'Vorsicht. Sie werden blaue Flecken an den Fingern kriegen.',null, CURRENT_TIMESTAMP, CURRENT_TIMESTAMP, NULL);"
1;4;755;BOB;Keine Angst. Ich hab‘ mal mein Geld damit verdient. (er beginnt Sarahs Nacken zu massieren);;"INSERT INTO `play_textbooks` (`id`, `play_id`, `scene_id`, `linenumber`, `said_by`, `text`, `following_stage_direction`, `created_at`, `updated_at`, `deleted_at`) VALUES (NULL, '1', '4', '755', 'BOB', 'Keine Angst. Ich hab‘ mal mein Geld damit verdient. (er beginnt Sarahs Nacken zu massieren)',null, CURRENT_TIMESTAMP, CURRENT_TIMESTAMP, NULL);"
1;4;756;SARAH;Sie haben schon alles Mögliche gemacht, was?;;"INSERT INTO `play_textbooks` (`id`, `play_id`, `scene_id`, `linenumber`, `said_by`, `text`, `following_stage_direction`, `created_at`, `updated_at`, `deleted_at`) VALUES (NULL, '1', '4', '756', 'SARAH', 'Sie haben schon alles Mögliche gemacht, was?',null, CURRENT_TIMESTAMP, CURRENT_TIMESTAMP, NULL);"
1;4;757;BOB;(auf die Melodie von „There is no business like show business“) Ja, ein Schau-spieler ist Schau-spieler und Schau-spieler sind so!“;;"INSERT INTO `play_textbooks` (`id`, `play_id`, `scene_id`, `linenumber`, `said_by`, `text`, `following_stage_direction`, `created_at`, `updated_at`, `deleted_at`) VALUES (NULL, '1', '4', '757', 'BOB', '(auf die Melodie von „There is no business like show business“) Ja, ein Schau-spieler ist Schau-spieler und Schau-spieler sind so!“',null, CURRENT_TIMESTAMP, CURRENT_TIMESTAMP, NULL);"
1;4;758;SARAH;(reagiert auf die Massage) MHHMM!;;"INSERT INTO `play_textbooks` (`id`, `play_id`, `scene_id`, `linenumber`, `said_by`, `text`, `following_stage_direction`, `created_at`, `updated_at`, `deleted_at`) VALUES (NULL, '1', '4', '758', 'SARAH', '(reagiert auf die Massage) MHHMM!',null, CURRENT_TIMESTAMP, CURRENT_TIMESTAMP, NULL);"
1;4;759;BOB;Zu fest?;;"INSERT INTO `play_textbooks` (`id`, `play_id`, `scene_id`, `linenumber`, `said_by`, `text`, `following_stage_direction`, `created_at`, `updated_at`, `deleted_at`) VALUES (NULL, '1', '4', '759', 'BOB', 'Zu fest?',null, CURRENT_TIMESTAMP, CURRENT_TIMESTAMP, NULL);"
1;4;760;SARAH;Nein. Wunderbar. (er massiert Sie weiter?);;"INSERT INTO `play_textbooks` (`id`, `play_id`, `scene_id`, `linenumber`, `said_by`, `text`, `following_stage_direction`, `created_at`, `updated_at`, `deleted_at`) VALUES (NULL, '1', '4', '760', 'SARAH', 'Nein. Wunderbar. (er massiert Sie weiter?)',null, CURRENT_TIMESTAMP, CURRENT_TIMESTAMP, NULL);"
1;4;761;BOB;Was machen Sie eigentlich?;;"INSERT INTO `play_textbooks` (`id`, `play_id`, `scene_id`, `linenumber`, `said_by`, `text`, `following_stage_direction`, `created_at`, `updated_at`, `deleted_at`) VALUES (NULL, '1', '4', '761', 'BOB', 'Was machen Sie eigentlich?',null, CURRENT_TIMESTAMP, CURRENT_TIMESTAMP, NULL);"
1;4;762;SARAH;Kindergarten:;;"INSERT INTO `play_textbooks` (`id`, `play_id`, `scene_id`, `linenumber`, `said_by`, `text`, `following_stage_direction`, `created_at`, `updated_at`, `deleted_at`) VALUES (NULL, '1', '4', '762', 'SARAH', 'Kindergarten:',null, CURRENT_TIMESTAMP, CURRENT_TIMESTAMP, NULL);"
1;4;763;BOB;Was Sind nicht sagen. Und – das füllt Sie aus?;;"INSERT INTO `play_textbooks` (`id`, `play_id`, `scene_id`, `linenumber`, `said_by`, `text`, `following_stage_direction`, `created_at`, `updated_at`, `deleted_at`) VALUES (NULL, '1', '4', '763', 'BOB', 'Was Sind nicht sagen. Und – das füllt Sie aus?',null, CURRENT_TIMESTAMP, CURRENT_TIMESTAMP, NULL);"
1;4;764;SARAH;Sie reden wie meine Mutter. „Meine Sarah ist so begabt, sie sollte schon etwas Höheres machen als Kindergarten“.;;"INSERT INTO `play_textbooks` (`id`, `play_id`, `scene_id`, `linenumber`, `said_by`, `text`, `following_stage_direction`, `created_at`, `updated_at`, `deleted_at`) VALUES (NULL, '1', '4', '764', 'SARAH', 'Sie reden wie meine Mutter. „Meine Sarah ist so begabt, sie sollte schon etwas Höheres machen als Kindergarten“.',null, CURRENT_TIMESTAMP, CURRENT_TIMESTAMP, NULL);"
1;4;765;BOB;(drückt ihre Schultern hinunter) Entspannen!;;"INSERT INTO `play_textbooks` (`id`, `play_id`, `scene_id`, `linenumber`, `said_by`, `text`, `following_stage_direction`, `created_at`, `updated_at`, `deleted_at`) VALUES (NULL, '1', '4', '765', 'BOB', '(drückt ihre Schultern hinunter) Entspannen!',null, CURRENT_TIMESTAMP, CURRENT_TIMESTAMP, NULL);"
1;4;766;SARAH;Ja. Kindergarten füllt mich aus, Ich kann mich engagieren. And der emotionalen Entwicklung der Kinder arbeiten. Damit sie nicht so verkorkst werden wie wir.;;"INSERT INTO `play_textbooks` (`id`, `play_id`, `scene_id`, `linenumber`, `said_by`, `text`, `following_stage_direction`, `created_at`, `updated_at`, `deleted_at`) VALUES (NULL, '1', '4', '766', 'SARAH', 'Ja. Kindergarten füllt mich aus, Ich kann mich engagieren. And der emotionalen Entwicklung der Kinder arbeiten. Damit sie nicht so verkorkst werden wie wir.',null, CURRENT_TIMESTAMP, CURRENT_TIMESTAMP, NULL);"
1;4;767;BOB;Finden Sie, dass wir verkorkst sind?;;"INSERT INTO `play_textbooks` (`id`, `play_id`, `scene_id`, `linenumber`, `said_by`, `text`, `following_stage_direction`, `created_at`, `updated_at`, `deleted_at`) VALUES (NULL, '1', '4', '767', 'BOB', 'Finden Sie, dass wir verkorkst sind?',null, CURRENT_TIMESTAMP, CURRENT_TIMESTAMP, NULL);"
1;4;768;SARAH;Ich weiß nicht. Meine Kinder sind – so offen. So – frei. Ich kann mich nicht erinnern, dass ich jemals so frei war.;;"INSERT INTO `play_textbooks` (`id`, `play_id`, `scene_id`, `linenumber`, `said_by`, `text`, `following_stage_direction`, `created_at`, `updated_at`, `deleted_at`) VALUES (NULL, '1', '4', '768', 'SARAH', 'Ich weiß nicht. Meine Kinder sind – so offen. So – frei. Ich kann mich nicht erinnern, dass ich jemals so frei war.',null, CURRENT_TIMESTAMP, CURRENT_TIMESTAMP, NULL);"
1;4;769;BOB;Was müsste passieren, damit Sie sich so frei fühlen?;;"INSERT INTO `play_textbooks` (`id`, `play_id`, `scene_id`, `linenumber`, `said_by`, `text`, `following_stage_direction`, `created_at`, `updated_at`, `deleted_at`) VALUES (NULL, '1', '4', '769', 'BOB', 'Was müsste passieren, damit Sie sich so frei fühlen?',null, CURRENT_TIMESTAMP, CURRENT_TIMESTAMP, NULL);"
1;4;770;SARAH;Ich weiß nicht. Dass ich einmal etwas nur für mich tun könnte. Ohne nachzudenken was meine Eltern dazu sagen werden. Das wäre – (sie findet kein Wort) – wie Gott.;;"INSERT INTO `play_textbooks` (`id`, `play_id`, `scene_id`, `linenumber`, `said_by`, `text`, `following_stage_direction`, `created_at`, `updated_at`, `deleted_at`) VALUES (NULL, '1', '4', '770', 'SARAH', 'Ich weiß nicht. Dass ich einmal etwas nur für mich tun könnte. Ohne nachzudenken was meine Eltern dazu sagen werden. Das wäre – (sie findet kein Wort) – wie Gott.',null, CURRENT_TIMESTAMP, CURRENT_TIMESTAMP, NULL);"
1;4;771;BOB;Ich finde Ihre Eltern toll.;;"INSERT INTO `play_textbooks` (`id`, `play_id`, `scene_id`, `linenumber`, `said_by`, `text`, `following_stage_direction`, `created_at`, `updated_at`, `deleted_at`) VALUES (NULL, '1', '4', '771', 'BOB', 'Ich finde Ihre Eltern toll.',null, CURRENT_TIMESTAMP, CURRENT_TIMESTAMP, NULL);"
1;4;772;SARAH;Ich liebe meine Eltern. Sie haben ihr ganzes Leben für mich gegeben. Aber jetzt erwarten sie, dass ich mein ganzes Leben für sie gebe.;;"INSERT INTO `play_textbooks` (`id`, `play_id`, `scene_id`, `linenumber`, `said_by`, `text`, `following_stage_direction`, `created_at`, `updated_at`, `deleted_at`) VALUES (NULL, '1', '4', '772', 'SARAH', 'Ich liebe meine Eltern. Sie haben ihr ganzes Leben für mich gegeben. Aber jetzt erwarten sie, dass ich mein ganzes Leben für sie gebe.',null, CURRENT_TIMESTAMP, CURRENT_TIMESTAMP, NULL);"
1;4;773;BOB;Die Geschichte, die ich vorhin erzählt habe – die aus dem Radio –;;"INSERT INTO `play_textbooks` (`id`, `play_id`, `scene_id`, `linenumber`, `said_by`, `text`, `following_stage_direction`, `created_at`, `updated_at`, `deleted_at`) VALUES (NULL, '1', '4', '773', 'BOB', 'Die Geschichte, die ich vorhin erzählt habe – die aus dem Radio –',null, CURRENT_TIMESTAMP, CURRENT_TIMESTAMP, NULL);"
1;4;774;SARAH;Ja.;;"INSERT INTO `play_textbooks` (`id`, `play_id`, `scene_id`, `linenumber`, `said_by`, `text`, `following_stage_direction`, `created_at`, `updated_at`, `deleted_at`) VALUES (NULL, '1', '4', '774', 'SARAH', 'Ja.',null, CURRENT_TIMESTAMP, CURRENT_TIMESTAMP, NULL);"
1;4;775;BOB;Ich wünschte, ich hätte so einen Vater gehabt. Mein Vater und ich, wir haben und nie verstanden. Er war wütend, dass ich Schauspieler werden wollte. Wir hatten ganz schreckliche Auseinandersetzungen. Geradezu lebensgefährlich. Und wissen Sie, was das Größte war? (er hört auf, zu massieren und setzt sich auf die Couch). Wann immer wir Streit gehabt hatten, und ich ihn wiedersah – hatte er mir ein neues Paar Schuhe gekauft. Einfach so. Ich treffe ihn und er sagt „Da. Schuhe.“ Und je ärger der Streit gewesen war, desto teurer die Schuhe. Es ging mir nicht in den Kopf. Warum Schuhe? Schließlich kam ich drauf, dass das seine Art war, mir zu sagen, dass er mich immer noch liebt. Dass alles OK ist. Aber Sie sollten mal meinen Schrank sehen. Ein Anzug und vierundzwanzig Paar. Handgenäht und vom Feinsten.;;"INSERT INTO `play_textbooks` (`id`, `play_id`, `scene_id`, `linenumber`, `said_by`, `text`, `following_stage_direction`, `created_at`, `updated_at`, `deleted_at`) VALUES (NULL, '1', '4', '775', 'BOB', 'Ich wünschte, ich hätte so einen Vater gehabt. Mein Vater und ich, wir haben und nie verstanden. Er war wütend, dass ich Schauspieler werden wollte. Wir hatten ganz schreckliche Auseinandersetzungen. Geradezu lebensgefährlich. Und wissen Sie, was das Größte war? (er hört auf, zu massieren und setzt sich auf die Couch). Wann immer wir Streit gehabt hatten, und ich ihn wiedersah – hatte er mir ein neues Paar Schuhe gekauft. Einfach so. Ich treffe ihn und er sagt „Da. Schuhe.“ Und je ärger der Streit gewesen war, desto teurer die Schuhe. Es ging mir nicht in den Kopf. Warum Schuhe? Schließlich kam ich drauf, dass das seine Art war, mir zu sagen, dass er mich immer noch liebt. Dass alles OK ist. Aber Sie sollten mal meinen Schrank sehen. Ein Anzug und vierundzwanzig Paar. Handgenäht und vom Feinsten.',null, CURRENT_TIMESTAMP, CURRENT_TIMESTAMP, NULL);"
1;4;776;SARAH;Wo leben ihre Eltern denn nun wirklich?;;"INSERT INTO `play_textbooks` (`id`, `play_id`, `scene_id`, `linenumber`, `said_by`, `text`, `following_stage_direction`, `created_at`, `updated_at`, `deleted_at`) VALUES (NULL, '1', '4', '776', 'SARAH', 'Wo leben ihre Eltern denn nun wirklich?',null, CURRENT_TIMESTAMP, CURRENT_TIMESTAMP, NULL);"
1;4;777;BOB;Nicht mehr.;;"INSERT INTO `play_textbooks` (`id`, `play_id`, `scene_id`, `linenumber`, `said_by`, `text`, `following_stage_direction`, `created_at`, `updated_at`, `deleted_at`) VALUES (NULL, '1', '4', '777', 'BOB', 'Nicht mehr.',null, CURRENT_TIMESTAMP, CURRENT_TIMESTAMP, NULL);"
1;4;778;SARAH;Das tut mir leid.;;"INSERT INTO `play_textbooks` (`id`, `play_id`, `scene_id`, `linenumber`, `said_by`, `text`, `following_stage_direction`, `created_at`, `updated_at`, `deleted_at`) VALUES (NULL, '1', '4', '778', 'SARAH', 'Das tut mir leid.',null, CURRENT_TIMESTAMP, CURRENT_TIMESTAMP, NULL);"
1;4;779;BOB;Deswegen beneide ich Sie. Meine Familie, das sind die Leute, mit denen ich gelegentlich in einer Show arbeite. Mein Leben ist sehr – provisorisch. (er berührt Sarah an der Schulter) Wie geht’s?;;"INSERT INTO `play_textbooks` (`id`, `play_id`, `scene_id`, `linenumber`, `said_by`, `text`, `following_stage_direction`, `created_at`, `updated_at`, `deleted_at`) VALUES (NULL, '1', '4', '779', 'BOB', 'Deswegen beneide ich Sie. Meine Familie, das sind die Leute, mit denen ich gelegentlich in einer Show arbeite. Mein Leben ist sehr – provisorisch. (er berührt Sarah an der Schulter) Wie geht’s?',null, CURRENT_TIMESTAMP, CURRENT_TIMESTAMP, NULL);"
1;4;780;SARAH;Das war herrlich. Danke. (sie trinken) Eine Frau, die ich kenne, eine Schulkameradin, leitet das Theater in Milwaukee. Haben Sie schon mal dort gespielt?;;"INSERT INTO `play_textbooks` (`id`, `play_id`, `scene_id`, `linenumber`, `said_by`, `text`, `following_stage_direction`, `created_at`, `updated_at`, `deleted_at`) VALUES (NULL, '1', '4', '780', 'SARAH', 'Das war herrlich. Danke. (sie trinken) Eine Frau, die ich kenne, eine Schulkameradin, leitet das Theater in Milwaukee. Haben Sie schon mal dort gespielt?',null, CURRENT_TIMESTAMP, CURRENT_TIMESTAMP, NULL);"
1;4;781;BOB;Nein, aber ich würde gern.;;"INSERT INTO `play_textbooks` (`id`, `play_id`, `scene_id`, `linenumber`, `said_by`, `text`, `following_stage_direction`, `created_at`, `updated_at`, `deleted_at`) VALUES (NULL, '1', '4', '781', 'BOB', 'Nein, aber ich würde gern.',null, CURRENT_TIMESTAMP, CURRENT_TIMESTAMP, NULL);"
1;4;782;SARAH;Ich sag‘ ihr, sie soll an Sie denken.;;"INSERT INTO `play_textbooks` (`id`, `play_id`, `scene_id`, `linenumber`, `said_by`, `text`, `following_stage_direction`, `created_at`, `updated_at`, `deleted_at`) VALUES (NULL, '1', '4', '782', 'SARAH', 'Ich sag‘ ihr, sie soll an Sie denken.',null, CURRENT_TIMESTAMP, CURRENT_TIMESTAMP, NULL);"
1;4;783;BOB;Das ist nett von Ihnen.;;"INSERT INTO `play_textbooks` (`id`, `play_id`, `scene_id`, `linenumber`, `said_by`, `text`, `following_stage_direction`, `created_at`, `updated_at`, `deleted_at`) VALUES (NULL, '1', '4', '783', 'BOB', 'Das ist nett von Ihnen.',null, CURRENT_TIMESTAMP, CURRENT_TIMESTAMP, NULL);"
1;4;784;SARAH;Ich tu’s gern. (pause) Ich würde Sie gern Theater spielen sehen.;;"INSERT INTO `play_textbooks` (`id`, `play_id`, `scene_id`, `linenumber`, `said_by`, `text`, `following_stage_direction`, `created_at`, `updated_at`, `deleted_at`) VALUES (NULL, '1', '4', '784', 'SARAH', 'Ich tu’s gern. (pause) Ich würde Sie gern Theater spielen sehen.',null, CURRENT_TIMESTAMP, CURRENT_TIMESTAMP, NULL);"
1;4;785;BOB;Haben Sie doch.;;"INSERT INTO `play_textbooks` (`id`, `play_id`, `scene_id`, `linenumber`, `said_by`, `text`, `following_stage_direction`, `created_at`, `updated_at`, `deleted_at`) VALUES (NULL, '1', '4', '785', 'BOB', 'Haben Sie doch.',null, CURRENT_TIMESTAMP, CURRENT_TIMESTAMP, NULL);"
1;4;786;SARAH;Ich meine, auf einer Bühne.;;"INSERT INTO `play_textbooks` (`id`, `play_id`, `scene_id`, `linenumber`, `said_by`, `text`, `following_stage_direction`, `created_at`, `updated_at`, `deleted_at`) VALUES (NULL, '1', '4', '786', 'SARAH', 'Ich meine, auf einer Bühne.',null, CURRENT_TIMESTAMP, CURRENT_TIMESTAMP, NULL);"
1;4;787;BOB;Ja. Bin zu Zeit leider nicht ausgebucht;;"INSERT INTO `play_textbooks` (`id`, `play_id`, `scene_id`, `linenumber`, `said_by`, `text`, `following_stage_direction`, `created_at`, `updated_at`, `deleted_at`) VALUES (NULL, '1', '4', '787', 'BOB', 'Ja. Bin zu Zeit leider nicht ausgebucht',null, CURRENT_TIMESTAMP, CURRENT_TIMESTAMP, NULL);"
1;4;788;SARAH;Lassen Sie es mich wissen, wenn Sie mal wieder spielen?;;"INSERT INTO `play_textbooks` (`id`, `play_id`, `scene_id`, `linenumber`, `said_by`, `text`, `following_stage_direction`, `created_at`, `updated_at`, `deleted_at`) VALUES (NULL, '1', '4', '788', 'SARAH', 'Lassen Sie es mich wissen, wenn Sie mal wieder spielen?',null, CURRENT_TIMESTAMP, CURRENT_TIMESTAMP, NULL);"
1;4;789;BOB;Ganz bestimmt.;;"INSERT INTO `play_textbooks` (`id`, `play_id`, `scene_id`, `linenumber`, `said_by`, `text`, `following_stage_direction`, `created_at`, `updated_at`, `deleted_at`) VALUES (NULL, '1', '4', '789', 'BOB', 'Ganz bestimmt.',null, CURRENT_TIMESTAMP, CURRENT_TIMESTAMP, NULL);"
1;4;790;SARAH;Ich würde Sie wirklich gern sehen.;;"INSERT INTO `play_textbooks` (`id`, `play_id`, `scene_id`, `linenumber`, `said_by`, `text`, `following_stage_direction`, `created_at`, `updated_at`, `deleted_at`) VALUES (NULL, '1', '4', '790', 'SARAH', 'Ich würde Sie wirklich gern sehen.',null, CURRENT_TIMESTAMP, CURRENT_TIMESTAMP, NULL);"
1;4;791;BOB;Ich bin sehr gut.;;"INSERT INTO `play_textbooks` (`id`, `play_id`, `scene_id`, `linenumber`, `said_by`, `text`, `following_stage_direction`, `created_at`, `updated_at`, `deleted_at`) VALUES (NULL, '1', '4', '791', 'BOB', 'Ich bin sehr gut.',null, CURRENT_TIMESTAMP, CURRENT_TIMESTAMP, NULL);"
1;4;792;SARAH;Ich bin sicher, dass Sie gut sind. (Bob trinkt aus) Mächten Sie noch einen?;;"INSERT INTO `play_textbooks` (`id`, `play_id`, `scene_id`, `linenumber`, `said_by`, `text`, `following_stage_direction`, `created_at`, `updated_at`, `deleted_at`) VALUES (NULL, '1', '4', '792', 'SARAH', 'Ich bin sicher, dass Sie gut sind. (Bob trinkt aus) Mächten Sie noch einen?',null, CURRENT_TIMESTAMP, CURRENT_TIMESTAMP, NULL);"
1;4;793;BOB;Nein, danke. Ein doppelter Wodka und eins-zwei-drei-vier und zwei – sechs Gläser Rotwein – da bin ich vollgetankt plus Reserve. (pause) Ich glaube, ich gehe jetzt.;;"INSERT INTO `play_textbooks` (`id`, `play_id`, `scene_id`, `linenumber`, `said_by`, `text`, `following_stage_direction`, `created_at`, `updated_at`, `deleted_at`) VALUES (NULL, '1', '4', '793', 'BOB', 'Nein, danke. Ein doppelter Wodka und eins-zwei-drei-vier und zwei – sechs Gläser Rotwein – da bin ich vollgetankt plus Reserve. (pause) Ich glaube, ich gehe jetzt.',null, CURRENT_TIMESTAMP, CURRENT_TIMESTAMP, NULL);"
1;4;794;SARAH;Oh. Ja also – ich hole mein Scheckheft.;;"INSERT INTO `play_textbooks` (`id`, `play_id`, `scene_id`, `linenumber`, `said_by`, `text`, `following_stage_direction`, `created_at`, `updated_at`, `deleted_at`) VALUES (NULL, '1', '4', '794', 'SARAH', 'Oh. Ja also – ich hole mein Scheckheft.',null, CURRENT_TIMESTAMP, CURRENT_TIMESTAMP, NULL);"
1;4;795;BOB;Nein. Nein, Sarah. Ernsthaft. Kommt nicht in Frage.;;"INSERT INTO `play_textbooks` (`id`, `play_id`, `scene_id`, `linenumber`, `said_by`, `text`, `following_stage_direction`, `created_at`, `updated_at`, `deleted_at`) VALUES (NULL, '1', '4', '795', 'BOB', 'Nein. Nein, Sarah. Ernsthaft. Kommt nicht in Frage.',null, CURRENT_TIMESTAMP, CURRENT_TIMESTAMP, NULL);"
1;4;796;SARAH;Ich muss Sie bezahlen.;;"INSERT INTO `play_textbooks` (`id`, `play_id`, `scene_id`, `linenumber`, `said_by`, `text`, `following_stage_direction`, `created_at`, `updated_at`, `deleted_at`) VALUES (NULL, '1', '4', '796', 'SARAH', 'Ich muss Sie bezahlen.',null, CURRENT_TIMESTAMP, CURRENT_TIMESTAMP, NULL);"
1;4;797;BOB;Müssen Sie nicht. Sie haben mir erlaubt, mit Ihrer Familie zu feiern. Es war wunderschön.;;"INSERT INTO `play_textbooks` (`id`, `play_id`, `scene_id`, `linenumber`, `said_by`, `text`, `following_stage_direction`, `created_at`, `updated_at`, `deleted_at`) VALUES (NULL, '1', '4', '797', 'BOB', 'Müssen Sie nicht. Sie haben mir erlaubt, mit Ihrer Familie zu feiern. Es war wunderschön.',null, CURRENT_TIMESTAMP, CURRENT_TIMESTAMP, NULL);"
1;4;798;SARAH;Wirklich nicht?;;"INSERT INTO `play_textbooks` (`id`, `play_id`, `scene_id`, `linenumber`, `said_by`, `text`, `following_stage_direction`, `created_at`, `updated_at`, `deleted_at`) VALUES (NULL, '1', '4', '798', 'SARAH', 'Wirklich nicht?',null, CURRENT_TIMESTAMP, CURRENT_TIMESTAMP, NULL);"
1;4;799;BOB;Auf keinen Fall.;;"INSERT INTO `play_textbooks` (`id`, `play_id`, `scene_id`, `linenumber`, `said_by`, `text`, `following_stage_direction`, `created_at`, `updated_at`, `deleted_at`) VALUES (NULL, '1', '4', '799', 'BOB', 'Auf keinen Fall.',null, CURRENT_TIMESTAMP, CURRENT_TIMESTAMP, NULL);"
1;4;800;SARAH;Ja, dann – Danke.;;"INSERT INTO `play_textbooks` (`id`, `play_id`, `scene_id`, `linenumber`, `said_by`, `text`, `following_stage_direction`, `created_at`, `updated_at`, `deleted_at`) VALUES (NULL, '1', '4', '800', 'SARAH', 'Ja, dann – Danke.',null, CURRENT_TIMESTAMP, CURRENT_TIMESTAMP, NULL);"
1;4;801;BOB;Und danke fürs Essen. Ich bin satt – bis Dienstag (er holt seinen Mantel, zieht ihn an, beide gehen zur Tür) Also –;;"INSERT INTO `play_textbooks` (`id`, `play_id`, `scene_id`, `linenumber`, `said_by`, `text`, `following_stage_direction`, `created_at`, `updated_at`, `deleted_at`) VALUES (NULL, '1', '4', '801', 'BOB', 'Und danke fürs Essen. Ich bin satt – bis Dienstag (er holt seinen Mantel, zieht ihn an, beide gehen zur Tür) Also –',null, CURRENT_TIMESTAMP, CURRENT_TIMESTAMP, NULL);"
1;4;802;SARAH;Ja.;;"INSERT INTO `play_textbooks` (`id`, `play_id`, `scene_id`, `linenumber`, `said_by`, `text`, `following_stage_direction`, `created_at`, `updated_at`, `deleted_at`) VALUES (NULL, '1', '4', '802', 'SARAH', 'Ja.',null, CURRENT_TIMESTAMP, CURRENT_TIMESTAMP, NULL);"
1;4;803;BOB;Ich hoffe, es geht alles gut aus für Sie.;;"INSERT INTO `play_textbooks` (`id`, `play_id`, `scene_id`, `linenumber`, `said_by`, `text`, `following_stage_direction`, `created_at`, `updated_at`, `deleted_at`) VALUES (NULL, '1', '4', '803', 'BOB', 'Ich hoffe, es geht alles gut aus für Sie.',null, CURRENT_TIMESTAMP, CURRENT_TIMESTAMP, NULL);"
1;4;804;SARAH;Danke. Für Sie auch.;;"INSERT INTO `play_textbooks` (`id`, `play_id`, `scene_id`, `linenumber`, `said_by`, `text`, `following_stage_direction`, `created_at`, `updated_at`, `deleted_at`) VALUES (NULL, '1', '4', '804', 'SARAH', 'Danke. Für Sie auch.',null, CURRENT_TIMESTAMP, CURRENT_TIMESTAMP, NULL);"
1;4;805;BOB;Dank, Hören Sie – wär’s Ihnen recht, wenn ich mal anrufe? Nur, damit wir in Verbindung bleiben?;;"INSERT INTO `play_textbooks` (`id`, `play_id`, `scene_id`, `linenumber`, `said_by`, `text`, `following_stage_direction`, `created_at`, `updated_at`, `deleted_at`) VALUES (NULL, '1', '4', '805', 'BOB', 'Dank, Hören Sie – wär’s Ihnen recht, wenn ich mal anrufe? Nur, damit wir in Verbindung bleiben?',null, CURRENT_TIMESTAMP, CURRENT_TIMESTAMP, NULL);"
1;4;806;SARAH;Natürlich. Sie müssen mich doch verständigen, wenn Sie wieder mal spielen.;;"INSERT INTO `play_textbooks` (`id`, `play_id`, `scene_id`, `linenumber`, `said_by`, `text`, `following_stage_direction`, `created_at`, `updated_at`, `deleted_at`) VALUES (NULL, '1', '4', '806', 'SARAH', 'Natürlich. Sie müssen mich doch verständigen, wenn Sie wieder mal spielen.',null, CURRENT_TIMESTAMP, CURRENT_TIMESTAMP, NULL);"
1;4;807;BOB;Richtig. Also – ;;"INSERT INTO `play_textbooks` (`id`, `play_id`, `scene_id`, `linenumber`, `said_by`, `text`, `following_stage_direction`, `created_at`, `updated_at`, `deleted_at`) VALUES (NULL, '1', '4', '807', 'BOB', 'Richtig. Also – ',null, CURRENT_TIMESTAMP, CURRENT_TIMESTAMP, NULL);"
1;4;808;SARAH;Etwas wollte ich Sie noch fragen.;;"INSERT INTO `play_textbooks` (`id`, `play_id`, `scene_id`, `linenumber`, `said_by`, `text`, `following_stage_direction`, `created_at`, `updated_at`, `deleted_at`) VALUES (NULL, '1', '4', '808', 'SARAH', 'Etwas wollte ich Sie noch fragen.',null, CURRENT_TIMESTAMP, CURRENT_TIMESTAMP, NULL);"
1;4;809;BOB;Was?;;"INSERT INTO `play_textbooks` (`id`, `play_id`, `scene_id`, `linenumber`, `said_by`, `text`, `following_stage_direction`, `created_at`, `updated_at`, `deleted_at`) VALUES (NULL, '1', '4', '809', 'BOB', 'Was?',null, CURRENT_TIMESTAMP, CURRENT_TIMESTAMP, NULL);"
1;4;810;SARAH;Ähm – woher wussten Sie was „Miesknick“ ist?;;"INSERT INTO `play_textbooks` (`id`, `play_id`, `scene_id`, `linenumber`, `said_by`, `text`, `following_stage_direction`, `created_at`, `updated_at`, `deleted_at`) VALUES (NULL, '1', '4', '810', 'SARAH', 'Ähm – woher wussten Sie was „Miesknick“ ist?',null, CURRENT_TIMESTAMP, CURRENT_TIMESTAMP, NULL);"
1;4;811;BOB;(verbessert) „Miesnick“;;"INSERT INTO `play_textbooks` (`id`, `play_id`, `scene_id`, `linenumber`, `said_by`, `text`, `following_stage_direction`, `created_at`, `updated_at`, `deleted_at`) VALUES (NULL, '1', '4', '811', 'BOB', '(verbessert) „Miesnick“',null, CURRENT_TIMESTAMP, CURRENT_TIMESTAMP, NULL);"
1;4;812;SARAH;Richtig. „Miesnick“. Danke.;;"INSERT INTO `play_textbooks` (`id`, `play_id`, `scene_id`, `linenumber`, `said_by`, `text`, `following_stage_direction`, `created_at`, `updated_at`, `deleted_at`) VALUES (NULL, '1', '4', '812', 'SARAH', 'Richtig. „Miesnick“. Danke.',null, CURRENT_TIMESTAMP, CURRENT_TIMESTAMP, NULL);"
1;4;813;BOB;Ich hab‘ mal in CABARET mitgespielt. Da gibt’s ein Lied über „Miesnick“;;"INSERT INTO `play_textbooks` (`id`, `play_id`, `scene_id`, `linenumber`, `said_by`, `text`, `following_stage_direction`, `created_at`, `updated_at`, `deleted_at`) VALUES (NULL, '1', '4', '813', 'BOB', 'Ich hab‘ mal in CABARET mitgespielt. Da gibt’s ein Lied über „Miesnick“',null, CURRENT_TIMESTAMP, CURRENT_TIMESTAMP, NULL);"
1;4;814;SARAH;Sie sind unglaublich.;;"INSERT INTO `play_textbooks` (`id`, `play_id`, `scene_id`, `linenumber`, `said_by`, `text`, `following_stage_direction`, `created_at`, `updated_at`, `deleted_at`) VALUES (NULL, '1', '4', '814', 'SARAH', 'Sie sind unglaublich.',null, CURRENT_TIMESTAMP, CURRENT_TIMESTAMP, NULL);"
1;4;815;BOB;Na ja …;;"INSERT INTO `play_textbooks` (`id`, `play_id`, `scene_id`, `linenumber`, `said_by`, `text`, `following_stage_direction`, `created_at`, `updated_at`, `deleted_at`) VALUES (NULL, '1', '4', '815', 'BOB', 'Na ja …',null, CURRENT_TIMESTAMP, CURRENT_TIMESTAMP, NULL);"
1;4;816;SARAH;Noch etwas wollte ich sie fragen.;;"INSERT INTO `play_textbooks` (`id`, `play_id`, `scene_id`, `linenumber`, `said_by`, `text`, `following_stage_direction`, `created_at`, `updated_at`, `deleted_at`) VALUES (NULL, '1', '4', '816', 'SARAH', 'Noch etwas wollte ich sie fragen.',null, CURRENT_TIMESTAMP, CURRENT_TIMESTAMP, NULL);"
1;4;817;BOB;Los.;;"INSERT INTO `play_textbooks` (`id`, `play_id`, `scene_id`, `linenumber`, `said_by`, `text`, `following_stage_direction`, `created_at`, `updated_at`, `deleted_at`) VALUES (NULL, '1', '4', '817', 'BOB', 'Los.',null, CURRENT_TIMESTAMP, CURRENT_TIMESTAMP, NULL);"
1;4;818;SARAH;Am ersten Abend als Sie hier waren – und mein Vater die Fotos gemacht hat – da haben Sie mich geküsst.;;"INSERT INTO `play_textbooks` (`id`, `play_id`, `scene_id`, `linenumber`, `said_by`, `text`, `following_stage_direction`, `created_at`, `updated_at`, `deleted_at`) VALUES (NULL, '1', '4', '818', 'SARAH', 'Am ersten Abend als Sie hier waren – und mein Vater die Fotos gemacht hat – da haben Sie mich geküsst.',null, CURRENT_TIMESTAMP, CURRENT_TIMESTAMP, NULL);"
1;4;819;BOB;Ja?;;"INSERT INTO `play_textbooks` (`id`, `play_id`, `scene_id`, `linenumber`, `said_by`, `text`, `following_stage_direction`, `created_at`, `updated_at`, `deleted_at`) VALUES (NULL, '1', '4', '819', 'BOB', 'Ja?',null, CURRENT_TIMESTAMP, CURRENT_TIMESTAMP, NULL);"
1;4;820;SARAH;War das ein David-Kuss oder ein Bob-Kuss?;;"INSERT INTO `play_textbooks` (`id`, `play_id`, `scene_id`, `linenumber`, `said_by`, `text`, `following_stage_direction`, `created_at`, `updated_at`, `deleted_at`) VALUES (NULL, '1', '4', '820', 'SARAH', 'War das ein David-Kuss oder ein Bob-Kuss?',null, CURRENT_TIMESTAMP, CURRENT_TIMESTAMP, NULL);"
1;4;821;BOB;Oh. Das war ein David-Kuss.;;"INSERT INTO `play_textbooks` (`id`, `play_id`, `scene_id`, `linenumber`, `said_by`, `text`, `following_stage_direction`, `created_at`, `updated_at`, `deleted_at`) VALUES (NULL, '1', '4', '821', 'BOB', 'Oh. Das war ein David-Kuss.',null, CURRENT_TIMESTAMP, CURRENT_TIMESTAMP, NULL);"
1;4;822;SARAH;Oh. (Sie sehen einander an);;"INSERT INTO `play_textbooks` (`id`, `play_id`, `scene_id`, `linenumber`, `said_by`, `text`, `following_stage_direction`, `created_at`, `updated_at`, `deleted_at`) VALUES (NULL, '1', '4', '822', 'SARAH', 'Oh. (Sie sehen einander an)',null, CURRENT_TIMESTAMP, CURRENT_TIMESTAMP, NULL);"
1;4;823;BOB;Das ist ein Bob-Kuss. (Kuss. Kleine Pause.) Ähm – vorige Woche war ich mit einer netten alten Dame im Theater. Ich gehe sehr gern ins Theater. Darf ich Sie – darf ich dich mal ins Theater ausführen?;;"INSERT INTO `play_textbooks` (`id`, `play_id`, `scene_id`, `linenumber`, `said_by`, `text`, `following_stage_direction`, `created_at`, `updated_at`, `deleted_at`) VALUES (NULL, '1', '4', '823', 'BOB', 'Das ist ein Bob-Kuss. (Kuss. Kleine Pause.) Ähm – vorige Woche war ich mit einer netten alten Dame im Theater. Ich gehe sehr gern ins Theater. Darf ich Sie – darf ich dich mal ins Theater ausführen?',null, CURRENT_TIMESTAMP, CURRENT_TIMESTAMP, NULL);"
1;4;824;SARAH;Furchtbar gern.;;"INSERT INTO `play_textbooks` (`id`, `play_id`, `scene_id`, `linenumber`, `said_by`, `text`, `following_stage_direction`, `created_at`, `updated_at`, `deleted_at`) VALUES (NULL, '1', '4', '824', 'SARAH', 'Furchtbar gern.',null, CURRENT_TIMESTAMP, CURRENT_TIMESTAMP, NULL);"
1;4;825;BOB;Ich ruf dich nächste Woche an.;;"INSERT INTO `play_textbooks` (`id`, `play_id`, `scene_id`, `linenumber`, `said_by`, `text`, `following_stage_direction`, `created_at`, `updated_at`, `deleted_at`) VALUES (NULL, '1', '4', '825', 'BOB', 'Ich ruf dich nächste Woche an.',null, CURRENT_TIMESTAMP, CURRENT_TIMESTAMP, NULL);"
1;4;826;SARAH;Ist gut. (Kuss);;"INSERT INTO `play_textbooks` (`id`, `play_id`, `scene_id`, `linenumber`, `said_by`, `text`, `following_stage_direction`, `created_at`, `updated_at`, `deleted_at`) VALUES (NULL, '1', '4', '826', 'SARAH', 'Ist gut. (Kuss)',null, CURRENT_TIMESTAMP, CURRENT_TIMESTAMP, NULL);"
1;4;827;BOB;Ich ruf dich morgen an.;;"INSERT INTO `play_textbooks` (`id`, `play_id`, `scene_id`, `linenumber`, `said_by`, `text`, `following_stage_direction`, `created_at`, `updated_at`, `deleted_at`) VALUES (NULL, '1', '4', '827', 'BOB', 'Ich ruf dich morgen an.',null, CURRENT_TIMESTAMP, CURRENT_TIMESTAMP, NULL);"
1;4;828;SARAH;Ist gut. (Kuss);;"INSERT INTO `play_textbooks` (`id`, `play_id`, `scene_id`, `linenumber`, `said_by`, `text`, `following_stage_direction`, `created_at`, `updated_at`, `deleted_at`) VALUES (NULL, '1', '4', '828', 'SARAH', 'Ist gut. (Kuss)',null, CURRENT_TIMESTAMP, CURRENT_TIMESTAMP, NULL);"
1;4;829;BOB;Ich ruf dich an, sobald ich zuhause bin.;;"INSERT INTO `play_textbooks` (`id`, `play_id`, `scene_id`, `linenumber`, `said_by`, `text`, `following_stage_direction`, `created_at`, `updated_at`, `deleted_at`) VALUES (NULL, '1', '4', '829', 'BOB', 'Ich ruf dich an, sobald ich zuhause bin.',null, CURRENT_TIMESTAMP, CURRENT_TIMESTAMP, NULL);"
1;4;830;SARAH;Ist gut. (Kuss);;"INSERT INTO `play_textbooks` (`id`, `play_id`, `scene_id`, `linenumber`, `said_by`, `text`, `following_stage_direction`, `created_at`, `updated_at`, `deleted_at`) VALUES (NULL, '1', '4', '830', 'SARAH', 'Ist gut. (Kuss)',null, CURRENT_TIMESTAMP, CURRENT_TIMESTAMP, NULL);"
1;4;831;BOB;Warum besprechen wir’s nicht jetzt?;;"INSERT INTO `play_textbooks` (`id`, `play_id`, `scene_id`, `linenumber`, `said_by`, `text`, `following_stage_direction`, `created_at`, `updated_at`, `deleted_at`) VALUES (NULL, '1', '4', '831', 'BOB', 'Warum besprechen wir’s nicht jetzt?',null, CURRENT_TIMESTAMP, CURRENT_TIMESTAMP, NULL);"
1;4;832;SARAH;Warum ziehst du nicht deinen Mantel aus?;;"INSERT INTO `play_textbooks` (`id`, `play_id`, `scene_id`, `linenumber`, `said_by`, `text`, `following_stage_direction`, `created_at`, `updated_at`, `deleted_at`) VALUES (NULL, '1', '4', '832', 'SARAH', 'Warum ziehst du nicht deinen Mantel aus?',null, CURRENT_TIMESTAMP, CURRENT_TIMESTAMP, NULL);"
1;4;833;BOB;Ist gut. (er lässt einen Mantel fallen) ;;"INSERT INTO `play_textbooks` (`id`, `play_id`, `scene_id`, `linenumber`, `said_by`, `text`, `following_stage_direction`, `created_at`, `updated_at`, `deleted_at`) VALUES (NULL, '1', '4', '833', 'BOB', 'Ist gut. (er lässt einen Mantel fallen) ',null, CURRENT_TIMESTAMP, CURRENT_TIMESTAMP, NULL);"
1;4;834;SARAH;(nimmt ihn bei der Hand und führt ihn in die Wohnung zurück. Bleibt stehen und sieht in an. Plötzlich fällt’s ihr ein) Du bist nicht jüdisch! (sie lacht) OJ!;;"INSERT INTO `play_textbooks` (`id`, `play_id`, `scene_id`, `linenumber`, `said_by`, `text`, `following_stage_direction`, `created_at`, `updated_at`, `deleted_at`) VALUES (NULL, '1', '4', '834', 'SARAH', '(nimmt ihn bei der Hand und führt ihn in die Wohnung zurück. Bleibt stehen und sieht in an. Plötzlich fällt’s ihr ein) Du bist nicht jüdisch! (sie lacht) OJ!',null, CURRENT_TIMESTAMP, CURRENT_TIMESTAMP, NULL);"
